utt_id,audio_s,latency_s,wer,hypothesis
1089-134686-0000,10.435,0.5086082090001582,0.0,he hoped there would be stew for dinner turnips and carrots and bruised potatoes and fat mutton pieces to be ladled out in thick peppered flour fattened sauce
1089-134686-0001,3.275,0.1989683329993568,0.0,stuff it into you his belly counselled him
1089-134686-0002,6.625,0.3394245839990617,0.0,after early nightfall the yellow lamps would light up here and there the squalid quarter of the brothels
1089-134686-0003,2.68,0.18670524999834015,0.0,hello bertie any good in your mind
1089-134686-0004,5.2150625,0.29399137499967765,0.0,number ten fresh nelly is waiting on you good night husband
1089-134686-0005,9.635,0.44664225000087754,0.0,the music came nearer and he recalled the words the words of shelley's fragment upon the moon wandering companionless pale for weariness
1089-134686-0006,10.555,0.4830386670000735,0.0,the dull light fell more faintly upon the page whereon another equation began to unfold itself slowly and to spread abroad its widening tail
1089-134686-0007,4.275,0.2273012909990939,0.0,a cold lucid indifference reigned in his soul
1089-134686-0008,6.73,0.3432931669995014,0.0,the chaos in which his ardour extinguished itself was a cold indifferent knowledge of himself
1089-134686-0009,10.575,0.47306154199941375,0.0,at most by an alms given to a beggar whose blessing he fled from he might hope wearily to win for himself some measure of actual grace
1089-134686-0010,4.405,0.27145362500050396,0.07142857142857142,well now ennes i declare you have a head and so has my stick
1089-134686-0011,12.445,0.5826494169996295,0.0,on saturday mornings when the sodality met in the chapel to recite the little office his place was a cushioned kneeling desk at the right of the altar from which he led his wing of boys through the responses
1089-134686-0012,11.64,0.5138907919990743,0.0,her eyes seemed to regard him with mild pity her holiness a strange light glowing faintly upon her frail flesh did not humiliate the sinner who approached her
1089-134686-0013,7.915,0.4160677500003658,0.0,if ever he was impelled to cast sin from him and to repent the impulse that moved him was the wish to be her knight
1089-134686-0014,2.225,0.1667955830016581,0.0,he tried to think how it could be
1089-134686-0015,5.815,0.29852554199896986,0.0,but the dusk deepening in the schoolroom covered over his thoughts the bell rang
1089-134686-0016,3.54,0.20847583300019323,0.1,then you can ask him questions on the catechism daedalus
1089-134686-0017,8.87,0.4287073329996929,0.0,stephen leaning back and drawing idly on his scribbler listened to the talk about him which heron checked from time to time by saying
1089-134686-0018,15.72,0.6686748329993861,0.0,it was strange too that he found an arid pleasure in following up to the end the rigid lines of the doctrines of the church and penetrating into obscure silences only to hear and feel the more deeply his own condemnation
1089-134686-0019,13.895,0.6169349579995469,0.0,the sentence of saint james which says that he who offends against one commandment becomes guilty of all had seemed to him first a swollen phrase until he had begun to grope in the darkness of his own state
1089-134686-0020,16.79,0.754591791999701,0.0,if a man had stolen a pound in his youth and had used that pound to amass a huge fortune how much was he obliged to give back the pound he had stolen only or the pound together with the compound interest accruing upon it or all his huge fortune
1089-134686-0021,6.55,0.6515815000002476,0.0,if a layman in giving baptism pour the water before saying the words is the child baptized
1089-134686-0022,11.175,0.5608745420013292,0.0,how comes it that while the first beatitude promises the kingdom of heaven to the poor of heart the second beatitude promises also to the meek that they shall possess the land
1089-134686-0023,13.275,0.6229704590004985,0.0,why was the sacrament of the eucharist instituted under the two species of bread and wine if jesus christ be present body and blood soul and divinity in the bread alone and in the wine alone
1089-134686-0024,11.655,0.5131134999992355,0.0,if the wine change into vinegar and the host crumble into corruption after they have been consecrated is jesus christ still present under their species as god and as man
1089-134686-0025,6.61,0.8137813749999623,0.0,a gentle kick from the tall boy in the bench behind urged stephen to ask a difficult question
1089-134686-0026,4.01,0.261050459001126,0.0,the rector did not ask for a catechism to hear the lesson from
1089-134686-0027,2.71,0.18762233300003572,0.0,he clasped his hands on the desk and said
1089-134686-0028,7.83,0.3724346669987426,0.05555555555555555,the retreat will begin on wednesday afternoon in honor of saint francis xavier whose feast day is saturday
1089-134686-0029,4.67,0.27705587499985995,0.09090909090909091,on friday confession will be heard all the afternoon after bede's
1089-134686-0030,2.715,0.19717825000043376,0.0,beware of making that mistake
1089-134686-0031,6.615,0.3453969580004923,0.0,stephen's heart began slowly to fold and fade with fear like a withering flower
1089-134686-0032,4.09,0.2659942080008477,0.0,he is called as you know the apostle of the indies
1089-134686-0033,3.33,0.19523470800049836,0.0,a great saint saint francis xavier
1089-134686-0034,5.81,0.3699022920009156,0.0,the rector paused and then shaking his clasped hands before him went on
1089-134686-0035,3.445,0.407309833999534,0.0,he had the faith in him that moves mountains
1089-134686-0036,3.25,0.20072262499888893,0.0,a great saint saint francis xavier
1089-134686-0037,5.21,0.3948142910012393,0.0,in the silence their dark fire kindled the dusk into a tawny glow
1089-134691-0000,2.085,0.1919840419996035,0.0,he could wait no longer
1089-134691-0001,5.415,0.294567916998858,0.0,for a full hour he had paced up and down waiting but he could wait no longer
1089-134691-0002,11.6,0.5759969579994504,0.0,he set off abruptly for the bull walking rapidly lest his father's shrill whistle might call him back and in a few moments he had rounded the curve at the police barrack and was safe
1089-134691-0003,2.175,0.1564336249994085,0.0,the university
1089-134691-0004,5.1750625,0.2899837919994752,0.0,pride after satisfaction uplifted him like long slow waves
1089-134691-0005,5.36,0.3326513749998412,0.07692307692307693,whose feet are as the feet of hearts and underneath the everlasting arms
1089-134691-0006,5.895,0.31620229100008146,0.0,the pride of that dim image brought back to his mind the dignity of the office he had refused
1089-134691-0007,3.44,0.19532575000084762,0.0,soon the whole bridge was trembling and resounding
1089-134691-0008,14.985,0.6434450830001879,0.0,the uncouth faces passed him two by two stained yellow or red or livid by the sea and as he strove to look at them with ease and indifference a faint stain of personal shame and commiseration rose to his own face
1089-134691-0009,20.055,1.179072584000096,0.0,angry with himself he tried to hide his face from their eyes by gazing down sideways into the shallow swirling water under the bridge but he still saw a reflection therein of their top heavy silk hats and humble tape like collars and loosely hanging clerical clothes brother hickey
1089-134691-0010,3.195,0.18944720800027426,0.6,brother mcccardle brother kieff
1089-134691-0011,20.01,0.8218967920001887,0.0,their piety would be like their names like their faces like their clothes and it was idle for him to tell himself that their humble and contrite hearts it might be paid a far richer tribute of devotion than his had ever been a gift tenfold more acceptable than his elaborate adoration
1089-134691-0012,15.03,0.6550345410014415,0.0,it was idle for him to move himself to be generous towards them to tell himself that if he ever came to their gates stripped of his pride beaten and in beggar's weeds that they would be generous towards him loving him as themselves
1089-134691-0013,16.33,0.7821519579993037,0.0,idle and embittering finally to argue against his own dispassionate certitude that the commandment of love bade us not to love our neighbour as ourselves with the same amount and intensity of love but to love him as ourselves with the same kind of love
1089-134691-0014,4.755,0.6437577079996117,0.16666666666666666,the phrase and the day and the scene harmonized in accord
1089-134691-0015,3.395,0.20153079200099455,0.2,words was it their colors
1089-134691-0016,9.06,0.479562625001563,0.0,they were voyaging across the deserts of the sky a host of nomads on the march voyaging high over ireland westward bound
1089-134691-0017,11.695,0.5387481660000049,0.10344827586206896,the europe they had come from lay out there beyond the irish sea europe of strange tongues and valleyed and wood begirt and citadled and of entrenched and marshalled races
1089-134691-0018,3.09,0.24051108300045598,0.0,again again
1089-134691-0019,3.155,0.21713491700029408,0.0,a voice from beyond the world was calling
1089-134691-0020,3.99,0.2948093329996482,0.16666666666666666,hello stephanos here comes the daedalus
1089-134691-0021,13.37,0.7341640419999749,0.058823529411764705,their diving stone poised on its rude supports and rocking under their plunges and the rough hewn stones of the sloping breakwater over which they scrambled in their horse play gleamed with cold wet lustre
1089-134691-0022,5.635,0.3002484579992597,0.0,he stood still in deference to their calls and parried their banter with easy words
1089-134691-0023,7.735,0.422156750000795,0.0,it was a pain to see them and a sword like pain to see the signs of adolescence that made repellent their pitiable nakedness
1089-134691-0024,2.215,0.18121975000030943,1.0,stanos darlos
1089-134691-0025,8.005,0.41697554100028356,0.09090909090909091,a moment before the ghost of the ancient kingdom of the danes had looked forth through the vesture of the haze wrapped city
1188-133604-0000,10.725,0.4836981669996021,0.0,you will find me continually speaking of four men titian holbein turner and tintoret in almost the same terms
1188-133604-0001,9.04,0.4546210839998821,0.05555555555555555,they unite every quality and sometimes you will find me referring to them as colorists sometimes as chiarosccurists
1188-133604-0002,17.96,0.8335946249990229,0.0,by being studious of color they are studious of division and while the chiaroscurist devotes himself to the representation of degrees of force in one thing unseparated light the colorists have for their function the attainment of beauty by arrangement of the divisions of light
1188-133604-0003,12.61,0.5627876670005207,0.0,my first and principal reason was that they enforced beyond all resistance on any student who might attempt to copy them this method of laying portions of distinct hue side by side
1188-133604-0004,10.65,0.529537333000917,0.0,some of the touches indeed when the tint has been mixed with much water have been laid in little drops or ponds so that the pigment might crystallize hard at the edge
1188-133604-0005,8.56,0.47645695799837995,0.0,it is the head of a parrot with a little flower in his beak from a picture of carpaccio's one of his series of the life of saint george
1188-133604-0006,2.4,0.2318914160005079,0.0,then he comes to the beak of it
1188-133604-0007,14.24,0.6832029170000169,0.0,the brown ground beneath is left for the most part one touch of black is put for the hollow two delicate lines of dark gray define the outer curve and one little quivering touch of white draws the inner edge of the mandible
1188-133604-0008,20.755,1.072178125001301,0.0,for believe me the final philosophy of art can only ratify their opinion that the beauty of a cock robin is to be red and of a grass plot to be green and the best skill of art is in instantly seizing on the manifold deliciousness of light which you can only seize by precision of instantaneous touch
1188-133604-0009,23.06,1.0558509579987003,0.014285714285714285,now you will see in these studies that the moment the white is enclosed properly and harmonized with the other hues it becomes somehow more precious and pearly than the white paper and that i am not afraid to leave a whole field of untreated white paper all round it being sure that even the little diamonds in the round window will tell as jewels if they are gradated justly
1188-133604-0010,6.095,1.3046290420006699,0.0,but in this vignette copied from turner you have the two principles brought out perfectly
1188-133604-0011,15.19,0.670006000000285,0.04878048780487805,they are beyond all other works that i know existing dependent for their effect on low subdued tones their favourite choice in time of day being either dawn or twilight and even their brightest sunsets produced chiefly out of grey paper
1188-133604-0012,14.65,0.6471638749990234,0.0,it may be that a great colorist will use his utmost force of color as a singer his full power of voice but loud or low the virtue is in both cases always in refinement never in loudness
1188-133604-0013,3.02,0.19046112499927403,0.0,it must remember be one or the other
1188-133604-0014,4.39,0.4040708749998885,0.0,do not therefore think that the gothic school is an easy one
1188-133604-0015,16.085,0.7831311670015566,0.0,the law of that school is that everything shall be seen clearly or at least only in such mist or faintness as shall be delightful and i have no doubt that the best introduction to it would be the elementary practice of painting every study on a golden ground
1188-133604-0016,16.595,0.7873012920008478,0.0,this at once compels you to understand that the work is to be imaginative and decorative that it represents beautiful things in the clearest way but not under existing conditions and that in fact you are producing jeweler's work rather than pictures
1188-133604-0017,4.615,0.3030697499998496,0.0,that a style is restrained or severe does not mean that it is also erroneous
1188-133604-0018,11.5499375,0.5575629999984812,0.0,in all early gothic art indeed you will find failure of this kind especially distortion and rigidity which are in many respects painfully to be compared with the splendid repose of classic art
1188-133604-0019,13.93,0.6512585000000399,0.0,the large letter contains indeed entirely feeble and ill drawn figures that is merely childish and failing work of an inferior hand it is not characteristic of gothic or any other school
1188-133604-0020,10.26,0.5086831249991519,0.0,but observe you can only do this on one condition that of striving also to create in reality the beauty which you seek in imagination
1188-133604-0021,14.02,0.6660876250007277,0.0,it will be wholly impossible for you to retain the tranquillity of temper and felicity of faith necessary for noble purist painting unless you are actively engaged in promoting the felicity and peace of practical life
1188-133604-0022,9.63,0.4858898330003285,0.034482758620689655,you must look him in the face fight him conquer him with what scathe you may you need not think to keep out of the way of him
1188-133604-0023,23.67,1.092682832999344,0.017543859649122806,the colorist says first of all as my delicious perroquet was ruby so this nasty viper shall be black and then is the question can i round him off even though he is black and make him slimy and yet springy and close down clotted like a pool of black blood on the earth all the same
1188-133604-0024,15.24,0.7103009999991627,0.0,nothing will be more precious to you i think in the practical study of art than the conviction which will force itself on you more and more every hour of the way all things are bound together little and great in spirit and in matter
1188-133604-0025,7.45,0.43305312499978754,0.043478260869565216,you know i have just been telling you how this school of materialism in clay involved itself at last in cloud and fire
1188-133604-0026,20.125,0.9261823750002804,0.06,here is an equally typical greek school landscape by wilson lost wholly in golden mist the trees so slightly drawn that you don't know if they are trees or towers and no care for colour whatsoever perfectly deceptive and marvellous effect of sunshine through the mist apollo and the python
1188-133604-0027,11.245,0.5425708330003545,0.0,now here is raphael exactly between the two trees still drawn leaf by leaf wholly formal but beautiful mist coming gradually into the distance
1188-133604-0028,19.005,0.9520257919994037,0.022727272727272728,well then last here is turner greek school of the highest class and you define his art absolutely as first the displaying intensely and with the sternest intellect of natural form as it is and then the envelopment of it with cloud and fire
1188-133604-0029,3.705,0.2297128749996773,0.0,only there are two sorts of cloud and fire
1188-133604-0030,1.915,0.21030504100053804,0.0,he knows them both
1188-133604-0031,4.25,0.28199741699972947,0.0,there's one and there's another the dudley and the flint
1188-133604-0032,10.985,0.5570580000003247,0.0,it is only a pencil outline by edward burne jones in illustration of the story of psyche it is the introduction of psyche after all her troubles into heaven
1188-133604-0033,6.625,0.3732376669995574,0.0,every plant in the grass is set formally grows perfectly and may be realized completely
1188-133604-0034,20.905,1.0211497920008696,0.0,exquisite order and universal with eternal life and light this is the faith and effort of the schools of crystal and you may describe and complete their work quite literally by taking any verses of chaucer in his tender mood and observing how he insists on the clearness and brightness first and then on the order
1188-133604-0035,2.925,0.21113095799955772,0.0,thus in chaucer's dream
1188-133604-0036,7.97,0.40910900000017136,0.0,in both these high mythical subjects the surrounding nature though suffering is still dignified and beautiful
1188-133604-0037,14.51,1.0631448330004787,0.02564102564102564,every line in which the master traces it even where seemingly negligent is lovely and set down with a meditative calmness which makes these two etchings capable of being placed beside the most tranquil work of holbein or der
1188-133604-0038,5.365,0.3221954590007954,0.0,but now here is a subject of which you will wonder at first why turner drew it at all
1188-133604-0039,6.625,0.3768836250001186,0.058823529411764705,it has no beauty whatsoever no speciality of picturesqueness and all its lines are cramped and poor
1188-133604-0040,3.23,0.22102862500105402,0.125,the crampedness and the poverty are all intended
1188-133604-0041,10.07,0.7267322499992588,0.07407407407407407,it is a gleaner bringing down her one sheaf of corn to an old water mill itself mossy and rent scarcely able to get its stones to turn
1188-133604-0042,2.66,0.21216083299987076,0.0,the scene is absolutely arcadian
1188-133604-0043,4.885,0.3338246670009539,0.0625,see that your lives be nothing worse than a boy's climbing for his entangled kite
1188-133604-0044,18.545,0.9123023749998538,0.02,it will be well for you if you join not with those who instead of kites fly falcons who instead of obeying the last words of the great cloud shepherd to feed his sheep live the lives how much less than vanity of the war wolf and the gear eagle
121-121726-0000,8.46,0.4254774170003657,0.0,also a popular contrivance whereby love making may be suspended but not stopped during the picnic season
121-121726-0001,5.925,0.356264916001237,0.125,hangue the tiresome product of a tireless tongue
121-121726-0002,4.41,0.29295258399906743,0.2,anger pain painful to hear
121-121726-0003,6.755,0.457671083000605,0.0,hay fever a heart trouble caused by falling in love with a grass widow
121-121726-0004,4.02,0.29216524999901594,0.0,heaven a good place to be raised to
121-121726-0005,3.1,0.2263742920004006,0.0,hedge a fence
121-121726-0006,3.895,0.2433106249991397,0.0,heredity the cause of all our faults
121-121726-0007,6.73,0.36487099999976635,0.0,horse sense a degree of wisdom that keeps one from betting on the races
121-121726-0008,4.99,0.3237510420003673,0.0,hose man's excuse for wetting the walk
121-121726-0009,7.26,0.4046247919995949,0.0,hotel a place where a guest often gives up good dollars for poor quarters
121-121726-0010,9.81,0.5229490410001745,0.1111111111111111,house cleaning a domestic upheaval that makes it easy for the government to enlist all the soldiers it needs
121-121726-0011,4.035,0.2451270840010693,0.0,husband the next thing to a wife
121-121726-0012,4.045,0.24900533300024108,0.0,hussy woman and bond tie
121-121726-0013,2.49,0.18967787499968836,0.0,tied to a woman
121-121726-0014,3.165,0.25198716600061744,0.0,hypocrite a horse dealer
121-123852-0000,17.695,0.8252387089996773,0.0,those pretty wrongs that liberty commits when i am sometime absent from thy heart thy beauty and thy years full well befits for still temptation follows where thou art
121-123852-0001,1.87,0.17530875000011292,0.0,ay me
121-123852-0002,17.285,0.8130657909987349,0.027777777777777776,no matter then although my foot did stand upon the farthest earth removed from thee for nimble thought can jump both sea and land as soon as think the place where he would be but ah
121-123852-0003,23.505,1.092926916999204,0.020833333333333332,thought kills me that i am not thought to leap large lengths of miles when thou art gone but that so much of earth and water wrought i must attend time's leisure with my moan receiving notought by elements so slow but heavy tears badges of either's woe.
121-123852-0004,16.29,0.7340490000005957,0.03125,my heart doth plead that thou in him dost lie a closet never pierced with crystal eyes but the defendant doth that plea deny and says in him thy fair appearance lies
121-123859-0000,17.39,0.8393774169999233,0.05405405405405406,you are my all the world and i must strive to know my shames and praises from your tongue none else to me nor i to none alive that my steeled sense o'er changes right or wrong
121-123859-0001,25.395,1.1221371669998916,0.05660377358490566,oh tis the first tis flattery in my seeing and my great mind most kingly drinks it up mine eye well knows what with his gust is gre and to his palate doth prepare the cup if it be poisoned tis the lesser sin that mine eye loves it and doth first begin
121-123859-0002,30.04,2.445145166999282,0.08333333333333333,but reckoning time whose million'd accidents creep in twixt vows and change decrees of kings tan sacred beauty blunt the sharpest intents diverts strong minds to the course of altering things alas why fearing of time's tyranny might i not then say now i love you best when i was certain or in certainty crowning the present doubting of the rest
121-123859-0003,10.825,0.5342152920002263,0.0,love is a babe then might i not say so to give full growth to that which still doth grow
121-123859-0004,9.505,0.49867304200051876,0.058823529411764705,so i return rebuked to my content and gain by ill thrice more than i have spent
121-127105-0000,9.875,0.49423633300102665,0.0,it was this observation that drew from douglas not immediately but later in the evening a reply that had the interesting consequence to which i call attention
121-127105-0001,5.025,0.29821979199914495,0.13333333333333333,some one else told a story not particularly effective which i saw he was not following
121-127105-0002,7.495,0.4254451249998965,0.0,cried one of the women he took no notice of her he looked at me but as if instead of me he saw what he spoke of
121-127105-0003,7.725,0.38887358300053165,0.0,there was a unanimous groan at this and much reproach after which in his preoccupied way he explained
121-127105-0004,2.11,0.16736041600051976,0.3333333333333333,the stories written
121-127105-0005,5.82,3.431465916999514,0.0,i could write to my man and enclose the key he could send down the packet as he finds it
121-127105-0006,4.725,0.4201286249990517,0.0,the others resented postponement but it was just his scruples that charmed me
121-127105-0007,5.79,0.2971848750003119,0.0,to this his answer was prompt oh thank god no and is the record yours
121-127105-0008,2.76,0.18989924999914365,0.0,he hung fire again a woman's
121-127105-0009,2.29,0.4561158750002505,0.0,she has been dead these twenty years
121-127105-0010,2.85,0.18631187499886437,0.0,she sent me the pages in question before she died
121-127105-0011,5.78,0.31797070799984795,0.0,she was the most agreeable woman i've ever known in her position she would have been worthy of any whatever
121-127105-0012,4.83,0.33869679199960956,0.0,it wasn't simply that she said so but that i knew she hadn't i was sure i could see
121-127105-0013,5.895,0.33124183299878496,0.0,you'll easily judge why when you hear because the thing had been such a scare he continued to fix me
121-127105-0014,2.255,0.16472091600007843,0.0,you are acute
121-127105-0015,2.96,0.19226749999870663,0.0,he quitted the fire and dropped back into his chair
121-127105-0016,2.03,0.17454154200095218,0.0,probably not till the second post
121-127105-0017,2.695,2.4900816249992204,0.0,it was almost the tone of hope everybody will stay.
121-127105-0018,2.77,0.20339904200045567,0.0,cried the ladies whose departure had been fixed
121-127105-0019,3.525,0.19537674999992305,0.0,missus griffin however expressed the need for a little more light
121-127105-0020,14.355,0.6473850410002342,0.0,who was it she was in love with the story will tell i took upon myself to reply oh i can't wait for the story the story won't tell said douglas not in any literal vulgar way more's the pity then
121-127105-0021,2.0,0.16479183299998112,0.0,won't you tell douglas
121-127105-0022,5.075,0.27978033399995184,0.0,well if i don't know who she was in love with i know who he was
121-127105-0023,10.91,1.4133917500003008,0.0,let me say here distinctly to have done with it that this narrative from an exact transcript of my own made much later is what i shall presently give
121-127105-0024,14.45,1.5471674590007751,0.0,poor douglas before his death when it was in sight committed to me the manuscript that reached him on the third of these days and that on the same spot with immense effect he began to read to our hushed little circle on the night of the fourth
121-127105-0025,16.065,0.6964987920000567,0.0,the departing ladies who had said they would stay didn't of course thank heaven stay they departed in consequence of arrangements made in a rage of curiosity as they professed produced by the touches with which he had already worked us up
121-127105-0026,7.53,1.5876221660000738,0.0,the first of these touches conveyed that the written statement took up the tale at a point after it had in a manner begun
121-127105-0027,13.87,0.6269373340001039,0.0,he had for his own town residence a big house filled with the spoils of travel and the trophies of the chase but it was to his country home an old family place in essex that he wished her immediately to proceed
121-127105-0028,6.75,0.3508654170000227,0.0,the awkward thing was that they had practically no other relations and that his own affairs took up all his time
121-127105-0029,7.31,0.36138470799960487,0.0,there were plenty of people to help but of course the young lady who should go down as governess would be in supreme authority
121-127105-0030,2.175,0.16944437500023923,0.0,i don't anticipate
121-127105-0031,10.765,0.583198917000118,0.0,she was young untried nervous it was a vision of serious duties and little company of really great loneliness
121-127105-0032,3.17,0.3310416250005801,0.0,yes but that's just the beauty of her passion
121-127105-0033,2.355,0.27923279099923093,0.0,it was the beauty of it
121-127105-0034,7.41,0.9027732920003473,0.0,it sounded dull it sounded strange and all the more so because of his main condition which was
121-127105-0035,14.15,1.4898357079982816,0.0,she promised to do this and she mentioned to me that when for a moment disburdened delighted he held her hand thanking her for the sacrifice she already felt rewarded
121-127105-0036,4.15,0.36496429099861416,0.0,but was that all her reward one of the ladies asked
1221-135766-0000,12.435,0.8938296670003183,0.0,how strange it seemed to the sad woman as she watched the growth and the beauty that became every day more brilliant and the intelligence that threw its quivering sunshine over the tiny features of this child
1221-135766-0001,16.715,1.095215666000513,0.0,god as a direct consequence of the sin which man thus punished had given her a lovely child whose place was on that same dishonoured bosom to connect her parent for ever with the race and descent of mortals and to be finally a blessed soul in heaven
1221-135766-0002,4.825,0.456683583000995,0.0,yet these thoughts affected hester prynne less with hope than apprehension
1221-135766-0003,13.72,1.3513736670010985,0.05714285714285714,the child had a native grace which does not invariably coexist with faultless beauty its attire however simple always impressed the beholder as if it were the very garb that precisely became it best
1221-135766-0004,7.44,0.7485376249987894,0.0,this outward mutability indicated and did not more than fairly express the various properties of her inner life
1221-135766-0005,16.645,1.5871750000005704,0.0,hester could only account for the child's character and even then most vaguely and imperfectly by recalling what she herself had been during that momentous period while pearl was imbibing her soul from the spiritual world and her bodily frame from its material of earth
1221-135766-0006,11.415,0.9948525830004655,0.0,they were now illuminated by the morning radiance of a young child's disposition but later in the day of earthly existence might be prolific of the storm and whirlwind
1221-135766-0007,8.795,0.9034755419997964,0.0,hester prynne nevertheless the loving mother of this one child ran little risk of erring on the side of undue severity
1221-135766-0008,10.78,1.7508981250011857,0.0,mindful however of her own errors and misfortunes she early sought to impose a tender but strict control over the infant immortality that was committed to her charge
1221-135766-0009,10.19,0.9235883750006906,0.0,as to any other kind of discipline whether addressed to her mind or heart little pearl might or might not be within its reach in accordance with the caprice that ruled the moment
1221-135766-0010,15.05,1.653643292000197,0.0,it was a look so intelligent yet inexplicable perverse sometimes so malicious but generally accompanied by a wild flow of spirits that hester could not help questioning at such moments whether pearl was a human child
1221-135766-0011,21.345,2.763558666998506,0.0,beholding it hester was constrained to rush towards the child to pursue the little elf in the flight which she invariably began to snatch her to her bosom with a close pressure and earnest kisses not so much from overflowing love as to assure herself that pearl was flesh and blood and not utterly delusive
1221-135766-0012,16.22,2.633222291000493,0.0,brooding over all these matters the mother felt like one who has evoked a spirit but by some irregularity in the process of conjuration has failed to win the master word that should control this new and incomprehensible intelligence
1221-135766-0013,3.645,1.2427499999994325,0.0,pearl was a born outcast of the infantile world
1221-135766-0014,4.75,0.7343411250003555,0.0,pearl saw and gazed intently but never sought to make acquaintance
1221-135766-0015,2.63,0.41154795799957355,0.0,if spoken to she would not speak again
1221-135767-0000,24.85,2.4965352500003064,0.013888888888888888,hester prynne went one day to the mansion of governor bellingham with a pair of gloves which she had fringed and embroidered to his order and which were to be worn on some great occasion of state for though the chances of a popular election had caused this former ruler to descend a step or two from the highest rank he still held an honorable and influential place among the colonial magistracy
1221-135767-0001,13.43,2.704322958001285,0.0,another and far more important reason than the delivery of a pair of embroidered gloves impelled hester at this time to seek an interview with a personage of so much power and activity in the affairs of the settlement
1221-135767-0002,16.12,3.08104770799946,0.0,at that epoch of pristine simplicity however matters of even slighter public interest and of far less intrinsic weight than the welfare of hester and her child were strangely mixed up with the deliberations of legislators and acts of state
1221-135767-0003,18.63,3.3784969160005858,0.0,the period was hardly if at all earlier than that of our story when a dispute concerning the right of property in a pig not only caused a fierce and bitter contest in the legislative body of the colony but resulted in an important modification of the framework itself of the legislature
1221-135767-0004,19.09,3.266591416000665,0.0,we have spoken of pearl's rich and luxuriant beauty a beauty that shone with deep and vivid tints a bright complexion eyes possessing intensity both of depth and glow and hair already of a deep glossy brown and which in after years would be nearly akin to black
1221-135767-0005,5.865,1.1754437500003405,0.0,it was the scarlet letter in another form the scarlet letter endowed with life
1221-135767-0006,20.56,2.5768150000003516,0.0,the mother herself as if the red ignominy were so deeply scorched into her brain that all her conceptions assumed its form had carefully wrought out the similitude lavishing many hours of morbid ingenuity to create an analogy between the object of her affection and the emblem of her guilt and torture
1221-135767-0007,12.77,1.9597692919996916,0.0,but in truth pearl was the one as well as the other and only in consequence of that identity had hester contrived so perfectly to represent the scarlet letter in her appearance
1221-135767-0008,3.095,0.49075400000037916,0.0,come therefore and let us fling mud at them
1221-135767-0009,13.34,3.2794012499998644,0.0,but pearl who was a dauntless child after frowning stamping her foot and shaking her little hand with a variety of threatening gestures suddenly made a rush at the knot of her enemies and put them all to flight
1221-135767-0010,8.2,2.104182249999212,0.0,she screamed and shouted too with a terrific volume of sound which doubtless caused the hearts of the fugitives to quake within them
1221-135767-0011,16.51,3.040644833999977,0.0,it was further decorated with strange and seemingly cabalistic figures and diagrams suitable to the quaint taste of the age which had been drawn in the stucco when newly laid on and had now grown hard and durable for the admiration of after times
1221-135767-0012,13.885,1.5060220410014153,0.025,they approached the door which was of an arched form and flanked on each side by a narrow tower or projection of the edifice in both of which were latticeiced windows the wooden shutters to close over them at need
1221-135767-0013,11.985,1.1756404169991583,0.058823529411764705,lifting the iron hammer that hung at the portal hester prynne gave a summons which was answered by one of the governor's bonderv a free born englishman but now a seven years slave
1221-135767-0014,7.07,0.7240206250007759,0.0,yea his honourable worship is within but he hath a godly minister or two with him and likewise a leech
1221-135767-0015,2.85,0.5198182910007745,0.0,ye may not see his worship now
1221-135767-0016,15.255,1.4356523329988704,0.025,with many variations suggested by the nature of his building materials diversity of climate and a different mode of social life governor bellingham had planned his new habitation after the residences of gentlemen of fairest estate in his native land
1221-135767-0017,16.72,1.4960262500007957,0.0,on the table in token that the sentiment of old english hospitality had not been left behind stood a large pewter tankard at the bottom of which had hester or pearl peeped into it they might have seen the frothy remnant of a recent draught of ale
1221-135767-0018,11.16,0.9516595410004811,0.0,little pearl who was as greatly pleased with the gleaming armour as she had been with the glittering frontispiece of the house spent some time looking into the polished mirror of the breastplate
1221-135767-0019,3.78,0.5018724580004346,0.0,mother cried she i see you here look look
1221-135767-0020,3.345,0.5126523330000055,0.0,in truth she seemed absolutely hidden behind it
1221-135767-0021,12.72,2.454049332998693,0.0,pearl accordingly ran to the bow window at the further end of the hall and looked along the vista of a garden walk carpeted with closely shaven grass and bordered with some rude and immature attempt at shrubbery
1221-135767-0022,14.395,1.2961502500002098,0.0,but the proprietor appeared already to have relinquished as hopeless the effort to perpetuate on this side of the atlantic in a hard soil and amid the close struggle for subsistence the native english taste for ornamental gardening
1221-135767-0023,16.27,1.5505882920006115,0.0,there were a few rose bushes however and a number of apple trees probably the descendants of those planted by the reverend mister blackstone the first settler of the peninsula that half mythological personage who rides through our early annals seated on the back of a bull
1221-135767-0024,5.85,0.6503465410005447,0.0,pearl seeing the rose bushes began to cry for a red rose and would not be pacified
1284-1180-0000,8.12,1.0481940419995226,0.0,he wore blue silk stockings blue knee pants with gold buckles a blue ruffled waist and a jacket of bright blue braided with gold
1284-1180-0001,7.755,0.9468051249987184,0.0,his hat had a peaked crown and a flat brim and around the brim was a row of tiny golden bells that tinkled when he moved
1284-1180-0002,7.68,1.0880180839994864,0.0,instead of shoes the old man wore boots with turnover tops and his blue coat had wide cuffs of gold braid
1284-1180-0003,4.835,0.9750154160010425,0.0,for a long time he had wished to explore the beautiful land of oz in which they lived
1284-1180-0004,4.285,0.5225400419985817,0.07142857142857142,when they were outside ung simply latched the door and started up the path
1284-1180-0005,6.55,0.6002959159995953,0.09523809523809523,no one would disturb their little house even if any one came so far into the thick forest while they were gone
1284-1180-0006,6.865,0.6995446660002926,0.0,at the foot of the mountain that separated the country of the munchkins from the country of the gillikins the path divided
1284-1180-0007,6.265,0.608595540999886,0.0,he knew it would take them to the house of the crooked magician whom he had never seen but who was their nearest neighbor
1284-1180-0008,10.49,1.1407513750000362,0.02702702702702703,all the morning they trudged up the mountain path and at noon unk and ojo sat on a fallen tree trunk and ate the last of the bread which the old munchkin had placed in his pocket
1284-1180-0009,6.285,0.5941349579989037,0.0,then they started on again and two hours later came in sight of the house of doctor pipt
1284-1180-0010,8.635,0.8389894160009135,0.037037037037037035,unk knocked at the door of the house and a chubby pleasant faced woman dressed all in blue opened it and greeted the visitors with a smile
1284-1180-0011,4.275,0.8277823330008687,0.0,i am my dear and all strangers are welcome to my home
1284-1180-0012,4.88,0.4231363330000022,0.0,we have come from a far lonelier place than this a lonelier place
1284-1180-0013,3.705,0.8985048329996062,0.0,and you must be ojo the unlucky she added
1284-1180-0014,3.665,0.3169080000006943,0.0,ojo had never eaten such a fine meal in all his life
1284-1180-0015,5.835,0.6753977499993198,0.058823529411764705,we are travelling replied ojo and we stopped at your house just to rest and refresh ourselves
1284-1180-0016,2.13,0.35987137499978417,0.0,the woman seemed thoughtful
1284-1180-0017,10.68,1.0641783330011094,0.0,at one end stood a great fireplace in which a blue log was blazing with a blue flame and over the fire hung four kettles in a row all bubbling and steaming at a great rate
1284-1180-0018,12.005,1.1803140829997574,0.0,it takes me several years to make this magic powder but at this moment i am pleased to say it is nearly done you see i am making it for my good wife margolotte who wants to use some of it for a purpose of her own
1284-1180-0019,15.025,1.2634278330006055,0.02,you must know said margalotte when they were all seated together on the broad window seat that my husband foolishly gave away all the powder of life he first made to old mombi the witch who used to live in the country of the gillikins to the north of here
1284-1180-0020,5.87,0.5924803750003775,0.0,the first lot we tested on our glass cat which not only began to live but has lived ever since
1284-1180-0021,9.84,0.8262383750006848,0.0,i think the next glass cat the magician makes will have neither brains nor heart for then it will not object to catching mice and may prove of some use to us
1284-1180-0022,2.885,0.39198408300035226,0.0,i'm afraid i don't know much about the land of oz
1284-1180-0023,5.61,0.6231265839996922,0.0,you see i've lived all my life with unc nunkie the silent one and there was no one to tell me anything
1284-1180-0024,5.26,0.6976459170000453,0.0,that is one reason you are ojo the unlucky said the woman in a sympathetic tone
1284-1180-0025,8.705,0.840792416000113,0.0,i think i must show you my patchwork girl said margolotte laughing at the boy's astonishment for she is rather difficult to explain
1284-1180-0026,8.29,0.7542174999998679,0.0,but first i will tell you that for many years i have longed for a servant to help me with the housework and to cook the meals and wash the dishes
1284-1180-0027,3.27,0.3036413749996427,0.0,yet that task was not so easy as you may suppose
1284-1180-0028,6.045,0.5240965829998459,0.058823529411764705,a bed quilt made of patches of different kinds and coloursars of cloth all neatly sewed together
1284-1180-0029,5.335,0.5683570000001055,0.0,sometimes it is called a crazy quilt because the patches and colors are so mixed up
1284-1180-0030,16.22,1.6932515000007697,0.017543859649122806,when i found it i said to myself that it would do nicely for my servant girl for when she was brought to life she would not be proud nor haughty as the glass cat is for such a dreadful mixture of colours would discourage her from trying to be as dignified as the blue munchkins are
1284-1180-0031,4.825,3.7517015419998643,0.0,at the emerald city where our princess ozma lives green is the popular color
1284-1180-0032,5.78,1.6937274170013552,0.0,i will show you what a good job i did and she went to a tall cupboard and threw open the doors
1284-1181-0000,3.965,0.41547391599851835,0.0,ojo examined this curious contrivance with wonder
1284-1181-0001,11.43,1.198337874999197,0.0,margolotte had first made the girl's form from the patchwork quilt and then she had dressed it with a patchwork skirt and an apron with pockets in it using the same gay material throughout
1284-1181-0002,3.835,0.5639384999994945,0.0,the head of the patchwork girl was the most curious part of her
1284-1181-0003,4.505,0.381583459000467,0.0,the hair was of brown yarn and hung down on her neck in several neat braids
1284-1181-0004,7.15,0.7254544169991277,0.0,gold is the most common metal in the land of oz and is used for many purposes because it is soft and pliable
1284-1181-0005,3.855,0.3846192080000037,0.0,no i forgot all about the brains exclaimed the woman
1284-1181-0006,11.405,1.116815666000548,0.0,well that may be true agreed margolotte but on the contrary a servant with too much brains is sure to become independent and high and mighty and feel above her work
1284-1181-0007,4.04,0.49769604099856224,0.0,she poured into the dish a quantity from each of these bottles
1284-1181-0008,6.08,1.1502900420000515,0.0,i think that will do she continued for the other qualities are not needed in a servant
1284-1181-0009,5.245,0.4525389169994014,0.0,she ran to her husband's side at once and helped him lift the four kettles from the fire
1284-1181-0010,6.435,0.6951003329995729,0.0,their contents had all boiled away leaving in the bottom of each kettle a few grains of fine white powder
1284-1181-0011,7.75,0.793355582998629,0.0,very carefully the magician removed this powder placing it all together in a golden dish where he mixed it with a golden spoon
1284-1181-0012,8.51,1.6969703329996264,0.0,no one saw him do this for all were looking at the powder of life but soon the woman remembered what she had been doing and came back to the cupboard
1284-1181-0013,12.66,1.0703657499998371,0.0,ojo became a bit uneasy at this for he had already put quite a lot of the cleverness powder in the dish but he dared not interfere and so he comforted himself with the thought that one cannot have too much cleverness
1284-1181-0014,7.92,0.724651124999582,0.0,he selected a small gold bottle with a pepper box top so that the powder might be sprinkled on any object through the small holes
1284-1181-0015,5.115,0.7201726670009521,0.0,most people talk too much so it is a relief to find one who talks too little
1284-1181-0016,9.515,0.8309826249987964,0.0,i am not allowed to perform magic except for my own amusement he told his visitors as he lighted a pipe with a crooked stem and began to smoke
1284-1181-0017,11.775,1.2283799159995397,0.0,the wizard of oz who used to be a humbug and knew no magic at all has been taking lessons of glinda and i'm told he is getting to be a pretty good wizard but he is merely the assistant of the great sorceress
1284-1181-0018,3.16,1.1563110420011071,0.0,it truly is asserted the magician
1284-1181-0019,3.2,0.57071679100045,0.0,i now use them as ornamental statuary in my garden
1284-1181-0020,6.73,0.5747447920002742,0.0,dear me what a chatterbox you're getting to be unc remarked the magician who was pleased with the compliment
1284-1181-0021,2.7,0.8379159590003837,0.0,asked the voice in scornful accents
1284-134647-0000,8.53,0.8215748750008061,0.0,the grateful applause of the clergy has consecrated the memory of a prince who indulged their passions and promoted their interest
1284-134647-0001,10.275,1.0836189589990681,0.0,the edict of milan the great charter of toleration had confirmed to each individual of the roman world the privilege of choosing and professing his own religion
1284-134647-0002,15.11,1.2196557919996849,0.0,but this inestimable privilege was soon violated with the knowledge of truth the emperor imbibed the maxims of persecution and the sects which dissented from the catholic church were afflicted and oppressed by the triumph of christianity
1284-134647-0003,20.145,1.5701580839995586,0.0,constantine easily believed that the heretics who presumed to dispute his opinions or to oppose his commands were guilty of the most absurd and criminal obstinacy and that a seasonable application of moderate severities might save those unhappy men from the danger of an everlasting condemnation
1284-134647-0004,12.835,1.915783458000078,0.0,some of the penal regulations were copied from the edicts of diocletian and this method of conversion was applauded by the same bishops who had felt the hand of oppression and pleaded for the rights of humanity
1284-134647-0005,23.3350625,1.9552499589990475,0.0,they asserted with confidence and almost with exultation that the apostolical succession was interrupted that all the bishops of europe and asia were infected by the contagion of guilt and schism and that the prerogatives of the catholic church were confined to the chosen portion of the african believers who alone had preserved inviolate the integrity of their faith and discipline
1284-134647-0006,10.155,1.1793374579992815,0.0,bishops virgins and even spotless infants were subjected to the disgrace of a public penance before they could be admitted to the communion of the donatists
1284-134647-0007,14.17,1.1855971660006617,0.030303030303030304,procribed by the civil and ecclesiastical powers of the empire the donatists still maintained in some provinces particularly in numidia their superior numbers and four hundred bishops acknowledged the jurisdiction of their primate
1320-122612-0000,13.48,1.203554207999332,0.0,since the period of our tale the active spirit of the country has surrounded it with a belt of rich and thriving settlements though none but the hunter or the savage is ever known even now to penetrate its wild recesses
1320-122612-0001,9.52,0.7439205419996142,0.03333333333333333,the dews were suffered to exhale and the sun had dispersed the mists and was shedding a strong and clear light in the forest when the travellers resumed their journey
1320-122612-0002,7.46,0.6439975000012055,0.0,after proceeding a few miles the progress of hawkeye who led the advance became more deliberate and watchful
1320-122612-0003,9.865,0.8369096250007715,0.0,he often stopped to examine the trees nor did he cross a rivulet without attentively considering the quantity the velocity and the color of its waters
1320-122612-0004,6.425,0.5712375829989469,0.0,distrusting his own judgment his appeals to the opinion of chingachgook were frequent and earnest
1320-122612-0005,5.915,0.6035006250003789,0.047619047619047616,yet here are we within a short range of the scroons and not a sign of a trail have we crossed
1320-122612-0006,4.845,0.5985111249992769,0.0,let us retrace our steps and examine as we go with keener eyes
1320-122612-0007,5.54,0.5857270000014978,0.0,chingachgook had caught the look and motioning with his hand he bade him speak
1320-122612-0008,7.875,0.810931709000215,0.0,the eyes of the whole party followed the unexpected movement and read their success in the air of triumph that the youth assumed
1320-122612-0009,3.88,0.4562274169984448,0.0,it would have been more wonderful had he spoken without a bidding
1320-122612-0010,10.195,0.9177390420009033,0.0,see said uncas pointing north and south at the evident marks of the broad trail on either side of him the dark hair has gone toward the forest
1320-122612-0011,13.695,1.2020328329999757,0.023255813953488372,if a rock or a rivulet or a bit of earth harder than common severed the links of the clue they followed the true eye of the scout recovered them at a distance and seldom rendered the delay of a single moment necessary
1320-122612-0012,10.49,0.8791739589996723,0.0,extinguished brands were lying around a spring the offals of a deer were scattered about the place and the trees bore evident marks of having been browsed by the horses
1320-122612-0013,6.55,0.5642548340001667,0.0,a circle of a few hundred feet in circumference was drawn and each of the party took a segment for his portion
1320-122612-0014,3.515,0.35406608399898687,0.0,the examination however resulted in no discovery
1320-122612-0015,6.385,0.6173276669996994,0.05,the whole party crowded to the spot where uncas pointed out the impression of a moccasin in the moist alluvian
1320-122612-0016,3.49,0.47964212500119174,0.0,run back uncas and bring me the size of the singer's foot
1320-122617-0000,7.835,0.8989619170006335,0.0,notwithstanding the high resolution of hawkeye he fully comprehended all the difficulties and danger he was about to incur
1320-122617-0001,14.055,2.0708814160007023,0.0,in his return to the camp his acute and practised intellects were intently engaged in devising means to counteract a watchfulness and suspicion on the part of his enemies that he knew were in no degree inferior to his own
1320-122617-0002,13.585,1.9707475420000264,0.0,in other words while he had implicit faith in the ability of balaam's ass to speak he was somewhat skeptical on the subject of a bear's singing and yet he had been assured of the latter on the testimony of his own exquisite organs
1320-122617-0003,6.285,0.5947985419988981,0.0,there was something in his air and manner that betrayed to the scout the utter confusion of the state of his mind
1320-122617-0004,12.26,1.4574527499989927,0.05555555555555555,theenuous hawkeye who recalled the hasty manner in which the other had abandoned his post at the bedside of the sick woman was not without his suspicions concerning the subject of so much solemn deliberation
1320-122617-0005,4.4,0.733356750000894,0.0,the bear shook his shaggy sides and then a well known voice replied
1320-122617-0006,5.655,0.7855352920014411,0.0,can these things be returned david breathing more freely as the truth began to dawn upon him
1320-122617-0007,18.525,2.1142502919992694,0.0,come come returned hawkeye uncasing his honest countenance the better to assure the wavering confidence of his companion you may see a skin which if it be not as white as one of the gentle ones has no tinge of red to it that the winds of the heaven and the sun have not bestowed now let us to business
1320-122617-0008,4.185,0.5041641249990789,0.0,the young man is in bondage and much i fear his death is decreed
1320-122617-0009,7.705,0.8257192500004749,0.038461538461538464,i greatly mourn that one so well disposed should die in his ignorance and i have sought a goodly hym can you lead me to him
1320-122617-0010,10.0,0.928759791999255,0.0,the task will not be difficult returned david hesitating though i greatly fear your presence would rather increase than mitigate his unhappy fortunes
1320-122617-0011,9.76,0.8852860829993006,0.03225806451612903,the lodge in which uncas was confined was in the very centre of the village and in a situation perhaps more difficult than any other to approach or leave without observation
1320-122617-0012,7.59,0.8193135839992465,0.0,four or five of the latter only lingered about the door of the prison of uncas wary but close observers of the manner of their captive
1320-122617-0013,10.755,0.989226083000176,0.0,delivered in a strong tone of assent announced the gratification the savage would receive in witnessing such an exhibition of weakness in an enemy so long hated and so much feared
1320-122617-0014,4.9,0.5880554590003158,0.0,they drew back a little from the entrance and motioned to the supposed conjurer to enter
1320-122617-0015,5.125,0.6438946250000299,0.0,but the bear instead of obeying maintained the seat it had taken and growled
1320-122617-0016,10.085,0.9725742079990596,0.0,the cunning man is afraid that his breath will blow upon his brothers and take away their courage too continued david improving the hint he received they must stand further off
1320-122617-0017,5.655,0.6066067920000933,0.0,then as if satisfied of their safety the scout left his position and slowly entered the place
1320-122617-0018,9.695,1.0062398329991993,0.034482758620689655,it was silent and gloomy being tenanted solely by the captive and lighted by the dying embers of a fire which had been used for the purpose of cookery
1320-122617-0019,8.23,0.9544088750008086,0.0,uncas occupied a distant corner in a reclining attitude being rigidly bound both hands and feet by strong and painful withes
1320-122617-0020,8.895,0.6889866250003251,0.0,the scout who had left david at the door to ascertain they were not observed thought it prudent to preserve his disguise until assured of their privacy
1320-122617-0021,5.335,0.6504160839995166,0.0,what shall we do with the mingoes at the door they count six and this singer is as good as nothing
1320-122617-0022,3.855,0.41059408399996755,0.0,the delawares are children of the tortoise and they outstrip the deer
1320-122617-0023,7.815,0.8683828329994867,0.0,uncas who had already approached the door in readiness to lead the way now recoiled and placed himself once more in the bottom of the lodge
1320-122617-0024,7.555,0.6956212919994869,0.0,but hawkeye who was too much occupied with his own thoughts to note the movement continued speaking more to himself than to his companion
1320-122617-0025,6.36,0.6595837500008201,0.0,so uncas you had better take the lead while i will put on the skin again and trust to cunning for want of speed
1320-122617-0026,5.225,0.4954547500001354,0.0,well what can't be done by main courage in war must be done by circumvention
1320-122617-0027,5.6899375,0.5664009590000205,0.0,as soon as these dispositions were made the scout turned to david and gave him his parting instructions
1320-122617-0028,15.995,1.5142102499994508,0.0,my pursuits are peaceful and my temper i humbly trust is greatly given to mercy and love returned david a little nettled at so direct an attack on his manhood but there are none who can say that i have ever forgotten my faith in the lord even in the greatest straits
1320-122617-0029,7.875,1.3895570830009092,0.0,if you are not then knocked on the head your being a non composser will protect you and you'll then have a good reason to expect to die in your bed
1320-122617-0030,3.98,0.3452015000002575,0.0,so choose for yourself to make a rush or tarry here
1320-122617-0031,6.285,0.5672670830008428,0.0,bravely and generously has he battled in my behalf and this and more will i dare in his service
1320-122617-0032,11.28,1.163909249999051,0.0,keep silent as long as may be and it would be wise when you do speak to break out suddenly in one of your shoutings which will serve to remind the indians that you are not altogether as responsible as men should be
1320-122617-0033,11.045,0.9714462920001097,0.0,if however they take your scalp as i trust and believe they will not depend on it uncas and i will not forget the deed but revenge it as becomes true warriors and trusty friends
1320-122617-0034,9.485,1.0509371669995744,0.0,hold said david perceiving that with this assurance they were about to leave him i am an unworthy and humble follower of one who taught not the damnable principle of revenge
1320-122617-0035,18.22,1.7391556250004214,0.017241379310344827,then heaving a heavy sigh probably among the last he ever drew and pining for a condition he had so long abandoned he added it is what i would wish to practise myself as one without a cross of blood though it is not always easy to deal with an indian as you would with a fellow christian
1320-122617-0036,12.37,1.1494446249998873,0.0,god bless you friend i do believe your scent is not greatly wrong when the matter is duly considered and keeping eternity before the eyes though much depends on the natural gifts and the force of temptation
1320-122617-0037,7.18,0.6769583339992096,0.0,the delaware dog he said leaning forward and peering through the dim light to catch the expression of the other's features is he afraid
1320-122617-0038,2.24,0.33087862499996845,0.0,will the hurons hear his groans
1320-122617-0039,7.055,1.019335458000569,0.0,the mohican started on his feet and shook his shaggy covering as though the animal he counterfeited was about to make some desperate effort
1320-122617-0040,7.975,1.0697894999993878,0.0,he had no occasion to delay for at the next instant a burst of cries filled the outer air and ran along the whole extent of the village
1320-122617-0041,4.15,0.4286896669982525,0.0,uncas cast his skin and stepped forth in his own beautiful proportions
1580-141083-0000,8.94,0.8079031249999389,0.03333333333333333,i will endeavor in my statement to avoid such terms as would serve to limit the events to any particular place or give a clue as to the people concerned
1580-141083-0001,10.255,1.1409418339990225,0.0,i had always known him to be restless in his manner but on this particular occasion he was in such a state of uncontrollable agitation that it was clear something very unusual had occurred
1580-141083-0002,6.135,0.6718034999994416,0.0,my friend's temper had not improved since he had been deprived of the congenial surroundings of baker street
1580-141083-0003,6.55,0.6950931249994028,0.14285714285714285,without his scrap books his chemicals and his homely untidiness he was an uncomfortable man
1580-141083-0004,4.515,1.5618709999998828,0.0,i had to read it over carefully as the text must be absolutely correct
1580-141083-0005,2.745,0.532150625000213,0.0,i was absent rather more than an hour
1580-141083-0006,10.85,0.7668212499993388,0.0,the only duplicate which existed so far as i knew was that which belonged to my servant bannister a man who has looked after my room for ten years and whose honesty is absolutely above suspicion
1580-141083-0007,4.565,0.38556879200041294,0.0,the moment i looked at my table i was aware that someone had rummaged among my papers
1580-141083-0008,4.305,0.5645562499994412,0.07692307692307693,the proof was in three long slips i had left them all altogether
1580-141083-0009,7.04,0.7777779589996499,0.0,the alternative was that someone passing had observed the key in the door had known that i was out and had entered to look at the papers
1580-141083-0010,5.32,0.8968448329997045,0.0,i gave him a little brandy and left him collapsed in a chair while i made a most careful examination of the room
1580-141083-0011,2.825,0.4652957919988694,0.0,a broken tip of lead was lying there also
1580-141083-0012,7.065,0.7930703330002871,0.0,not only this but on the table i found a small ball of black dough or clay with specks of something which looks like sawdust in it
1580-141083-0013,4.32,0.5056235409992951,0.0,above all things i desire to settle the matter quietly and discreetly
1580-141083-0014,2.855,0.3316157089993794,0.0,to the best of my belief they were rolled up
1580-141083-0015,4.985,0.47796029199889745,0.07142857142857142,did any know that these proofs would be there no one save the printer
1580-141083-0016,4.255,0.48789416600084223,0.0,i was in such a hurry to come to you you left your door open
1580-141083-0017,2.28,0.28708583300067403,0.0,so it seems to me
1580-141083-0018,2.675,0.31972279100045853,0.0,now mister soames at your disposal
1580-141083-0019,2.705,0.3290677089989913,0.0,above were three students one on each story
1580-141083-0020,5.135,0.6033757080003852,0.0,then he approached it and standing on tiptoe with his neck craned he looked into the room
1580-141083-0021,3.715,0.4284147500002291,0.0,there is no opening except the one pane said our learned guide
1580-141083-0022,3.295,0.40148600000065926,0.0,i am afraid there are no signs here said he
1580-141083-0023,3.33,0.355223249998744,0.0,one could hardly hope for any upon so dry a day
1580-141083-0024,4.48,0.5366487499995856,0.0,you left him in a chair you say which chair by the window there
1580-141083-0025,3.905,0.4948500829996192,0.07142857142857142,the men entered and took the papers sheet by sheet from the central table
1580-141083-0026,4.775,0.5482165419998637,0.058823529411764705,as a matter of fact he could not said solmes for i entered by the side door
1580-141083-0027,5.225,0.6031569999995554,0.0,how long would it take him to do that using every possible contraction a quarter of an hour not less
1580-141083-0028,2.585,0.3693849169994792,0.0,then he tossed it down and seized the next
1580-141083-0029,10.055,0.9939836670000659,0.0,he was in the midst of that when your return caused him to make a very hurried retreat very hurried since he had not time to replace the papers which would tell you that he had been there
1580-141083-0030,3.48,0.3522148329993797,0.1,mister somes was somewhat overwhelmed by this flood of information
1580-141083-0031,6.25,0.8900066249989322,0.0,holmes held out a small chip with the letters n n and a space of clear wood after them you see
1580-141083-0032,4.135,0.6798010419988714,0.0,watson i have always done you an injustice there are others
1580-141083-0033,7.45,1.340121207998891,0.0,i was hoping that if the paper on which he wrote was thin some trace of it might come through upon this polished surface no i see nothing
1580-141083-0034,6.99,0.7654557090008893,0.0,as holmes drew the curtain i was aware from some little rigidity and alertness of his attitude that he was prepared for an emergency
1580-141083-0035,4.98,0.6933468330007599,0.25,holmes turned away and stooped suddenly to the floor hallo what is this
1580-141083-0036,3.98,1.001900792000015,0.0,holmes held it out on his open palm in the glare of the electric light
1580-141083-0037,5.73,0.7532720419985708,0.0,what could he do he caught up everything which would betray him and he rushed into your bedroom to conceal himself
1580-141083-0038,7.535,1.7091585420002957,0.0,i understand you to say that there are three students who use this stair and are in the habit of passing your door yes there are
1580-141083-0039,3.725,0.8081974159995298,0.0,and they are all in for this examination yes
1580-141083-0040,3.75,0.28348854100113385,0.0,one hardly likes to throw suspicion where there are no proofs
1580-141083-0041,3.575,0.6013354999995499,0.0,let us hear the suspicions i will look after the proofs
1580-141083-0042,5.865,0.5956284170006256,0.0,my scholar has been left very poor but he is hard working and industrious he will do well
1580-141083-0043,2.74,0.5058119999994233,0.25,the top floor belongs to miles mcclaren
1580-141083-0044,5.505,0.6767633749986999,0.0,i dare not go so far as that but of the three he is perhaps the least unlikely
1580-141083-0045,4.36,0.7688347920011438,0.0,he was still suffering from this sudden disturbance of the quiet routine of his life
1580-141083-0046,3.53,0.4106262909990619,0.0,but i have occasionally done the same thing at other times
1580-141083-0047,2.605,0.44191612499889743,0.0,did you look at these papers on the table
1580-141083-0048,2.785,0.7860444580001058,0.0,how came you to leave the key in the door
1580-141083-0049,3.8450625,0.41462904200125195,0.2222222222222222,any one in the room could get out yes sir
1580-141083-0050,3.085,0.3942090000000462,0.0,i really don't think he knew much about it mister holmes
1580-141083-0051,1.98,0.37291979199835623,0.0,only for a minute or so
1580-141083-0052,3.45,0.9667110000009416,0.0,oh i would not venture to say sir
1580-141083-0053,4.015,0.6181486250006856,0.0,you haven't seen any of them no sir
1580-141084-0000,4.615,0.551458834001096,0.0,it was the indian whose dark silhouette appeared suddenly upon his blind
1580-141084-0001,3.265,0.4920649579999008,0.0,he was pacing swiftly up and down his room
1580-141084-0002,5.905,0.6065840419996675,0.0,this set of rooms is quite the oldest in the college and it is not unusual for visitors to go over them
1580-141084-0003,4.1,0.7514658749987575,0.0,no names please said holmes as we knocked at gilchrist's door
1580-141084-0004,9.005,1.1902728750010283,0.0,of course he did not realize that it was i who was knocking but none the less his conduct was very uncourteous and indeed under the circumstances rather suspicious
1580-141084-0005,2.515,0.2918026249990362,0.0,that is very important said holmes
1580-141084-0006,2.135,0.28633158299999195,0.0,you don't seem to realize the position
1580-141084-0007,2.02,0.2828442499994708,0.0,to morrow is the examination
1580-141084-0008,6.795,0.7231230410015996,0.0,i cannot allow the examination to be held if one of the papers has been tampered with the situation must be faced
1580-141084-0009,4.685,0.638951041000837,0.0,it is possible that i may be in a position then to indicate some course of action
1580-141084-0010,4.47,0.612972709001042,0.0,i will take the black clay with me also the pencil cuttings good bye
1580-141084-0011,5.0,0.6741325420007342,0.0,when we were out in the darkness of the quadrangle we again looked up at the windows
1580-141084-0012,2.485,0.3504909589992167,0.0,the foul mouthed fellow at the top
1580-141084-0013,2.225,0.341702499999883,0.0,he is the one with the worst record
1580-141084-0014,3.97,0.7831149159992492,0.0,why bannister the servant what's his game in the matter
1580-141084-0015,3.47,0.34347808299935423,0.0,he impressed me as being a perfectly honest man
1580-141084-0016,5.96,0.7054626659992209,0.0,my friend did not appear to be depressed by his failure but shrugged his shoulders in half humorous resignation
1580-141084-0017,2.0,0.3763875420008844,0.0,no good my dear watson
1580-141084-0018,3.345,0.4543848749999597,0.0,i think so you have formed a conclusion
1580-141084-0019,3.125,0.34113395899839816,0.0,yes my dear watson i have solved the mystery
1580-141084-0020,2.86,0.3565465829997265,0.0,look at that he held out his hand
1580-141084-0021,4.01,0.4632217079997645,0.0,on the palm were three little pyramids of black doughy clay
1580-141084-0022,2.06,0.2652802499997051,0.0,and one more this morning
1580-141084-0023,8.735,0.9162505419990339,0.0,in a few hours the examination would commence and he was still in the dilemma between making the facts public and allowing the culprit to compete for the valuable scholarship
1580-141084-0024,9.185,0.8938125420008873,0.0,he could hardly stand still so great was his mental agitation and he ran towards holmes with two eager hands outstretched thank heaven that you have come
1580-141084-0025,2.375,0.2869104580004205,0.0,you know him i think so
1580-141084-0026,6.995,0.7706840829996509,0.0,if this matter is not to become public we must give ourselves certain powers and resolve ourselves into a small private court martial
1580-141084-0027,3.36,0.3155045000003156,0.0,no sir certainly not
1580-141084-0028,2.655,0.34752616599871544,0.0,there was no man sir
1580-141084-0029,8.075,0.9795816670011845,0.0,his troubled blue eyes glanced at each of us and finally rested with an expression of blank dismay upon bannister in the farther corner
1580-141084-0030,2.145,0.41598912500012375,0.0,just close the door said holmes
1580-141084-0031,6.47,0.7382570839999971,0.045454545454545456,we want to know mister gilchrist how you an honorable man ever came to commit such an action as that of yesterday
1580-141084-0032,4.995,0.6119465829997353,0.0,for a moment gilchrist with upraised hand tried to control his writhing features
1580-141084-0033,7.0,0.7400109170012001,0.0,come come said holmes kindly it is human to err and at least no one can accuse you of being a callous criminal
1580-141084-0034,4.49,0.5970315419999679,0.0,well well don't trouble to answer listen and see that i do you no injustice
1580-141084-0035,2.63,0.2970246250006312,0.0,he could examine the papers in his own office
1580-141084-0036,2.475,0.26399379199938267,0.0,the indian i also thought nothing of
1580-141084-0037,2.965,0.33199804200012295,0.0,when i approached your room i examined the window
1580-141084-0038,2.955,0.3201542500009964,0.0,no one less than that would have a chance
1580-141084-0039,4.885,0.5681255840008816,0.0,i entered and i took you into my confidence as to the suggestions of the side table
1580-141084-0040,5.985,0.5561612080000486,0.0,he returned carrying his jumping shoes which are provided as you are aware with several sharp spikes
1580-141084-0041,7.99,0.8555209999994986,0.0,no harm would have been done had it not been that as he passed your door he perceived the key which had been left by the carelessness of your servant
1580-141084-0042,5.06,0.6741106669996952,0.0,a sudden impulse came over him to enter and see if they were indeed the proofs
1580-141084-0043,2.065,0.29252058299971395,0.0,he put his shoes on the table
1580-141084-0044,2.895,0.3465879170016706,0.0,gloves said the young man
1580-141084-0045,3.625,0.5179998340008751,0.0,suddenly he heard him at the very door there was no possible escape
1580-141084-0046,2.35,0.46057079099955445,0.0,have i told the truth mister gilchrist
1580-141084-0047,5.25,0.6192256250014907,0.0,i have a letter here mister soames which i wrote to you early this morning in the middle of a restless night
1580-141084-0048,9.265,1.041350584000611,0.0,it will be clear to you from what i have said that only you could have let this young man out since you were left in the room and must have locked the door when you went out
1580-141084-0049,7.575,0.7439292499984731,0.0,it was simple enough sir if you only had known but with all your cleverness it was impossible that you could know
1580-141084-0050,2.78,0.28685575000054087,0.0,if mister soames saw them the game was up
1995-1826-0000,9.485,0.8932043339991651,0.037037037037037035,in the debate between the senior societies her defense of the fifteenth amendment had been not only a notable bit of reasoning but delivered with real enthusiasm
1995-1826-0001,10.17,0.8864847079985338,0.0,the south she had not thought of seriously and yet knowing of its delightful hospitality and mild climate she was not averse to charleston or new orleans
1995-1826-0002,4.605,1.0119550409999647,0.0,john taylor who had supported her through college was interested in cotton
1995-1826-0003,3.09,0.3036850839998806,0.0,better go he had counselled sententiously
1995-1826-0004,3.035,0.34745283300071605,0.0,might learn something useful down there
1995-1826-0005,5.125,0.5003311250002298,0.0,but john there's no society just elementary work
1995-1826-0006,2.4550625,0.32707995799864875,0.2,been looking up toombs county
1995-1826-0007,7.06,0.727779749999172,0.0,find some cresswells there big plantations rated at two hundred and fifty thousand dollars
1995-1826-0008,2.895,0.3927603329993872,0.0,some others too big cotton county
1995-1826-0009,7.57,0.658744458000001,0.0,you ought to know john if i teach negroes i'll scarcely see much of people in my own class
1995-1826-0010,2.445,0.277884000000995,0.0,at any rate i say go
1995-1826-0011,8.94,0.8923236249993352,0.0,here she was teaching dirty children and the smell of confused odors and bodily perspiration was to her at times unbearable
1995-1826-0012,6.18,0.6444367919993965,0.0,she wanted a glance of the new books and periodicals and talk of great philanthropies and reforms
1995-1826-0013,8.77,0.8426873749995138,0.07407407407407407,so for the hundredth time she was thinking to day as she walked alone up the lane back of the barn and then slowly down through the bottoms
1995-1826-0014,2.5,0.2666239169993787,0.0,cotton she paused
1995-1826-0015,3.55,0.34067412500007777,0.0,she had almost forgotten that it was here within touch and sight
1995-1826-0016,5.9,0.6085203750008077,0.0,the glimmering sea of delicate leaves whispered and murmured before her stretching away to the northward
1995-1826-0017,6.145,0.5695300000006682,0.0,there might be a bit of poetry here and there but most of this place was such desperate prose
1995-1826-0018,5.01,0.8871833749999496,0.0,her regard shifted to the green stalks and leaves again and she started to move away
1995-1826-0019,5.25,0.46919770799831895,0.0,cotton is a wonderful thing is it not boys she said rather primly
1995-1826-0020,6.12,0.5767522919995827,0.0,miss taylor did not know much about cotton but at least one more remark seemed called for
1995-1826-0021,11.41,0.9831197500006965,0.0,don't know well of all things inwardly commented miss taylor literally born in cotton and oh well as much as to ask what's the use she turned again to go
1995-1826-0022,4.745,0.4870417919992178,0.0,i suppose though it's too early for them then came the explosion
1995-1826-0023,8.14,0.6235129579999921,1.0,goobles onams
1995-1826-0024,5.095,0.44118929199976264,0.1111111111111111,the golden fleece it's the silver fleece he hearkened
1995-1826-0025,3.295,0.31786320799983514,0.25,someetime you'll tell me please won't you
1995-1826-0026,15.45,1.4007214169996587,0.0,now for one little half hour she had been a woman talking to a boy no not even that she had been talking just talking there were no persons in the conversation just things one thing cotton
1995-1836-0000,8.955,1.1960372080011439,0.045454545454545456,the honorable charles smith miss sarah's brother was walking swiftly uptown from mister easterly's wall street office and his face was pale
1995-1836-0001,6.0,0.7696174160009832,0.0,at last the cotton combine was to all appearances an assured fact and he was slated for the senate
1995-1836-0002,2.315,0.464457374999256,0.0,why should he not be as other men
1995-1836-0003,7.965,0.9079857500000799,0.0,she was not herself a notably intelligent woman she greatly admired intelligence or whatever looked to her like intelligence in others
1995-1836-0004,33.91,2.8113669579997804,0.041666666666666664,as she awaited her guests she surveyed the table with both satisfaction and disquietude for her social functions were few to night there were she checked them off on her fingers sir james crichton the rich english manufacturer and lady crichton mister and missus vanderpool mister harry cresswell and his sister john taylor and his sister and mister charles smith whom the evening papers mentioned as likely to be united states senator from new jersey a selection of guests that had been determined unknown to the hostess by the meeting of cotton interests earlier in the day
1995-1836-0005,10.9,1.2029054590002488,0.0,missus grey had met southerners before but not intimately and she always had in mind vividly their cruelty to poor negroes a subject she made a point of introducing forthwith
1995-1836-0006,7.715,0.7854722089996358,0.0,she was therefore most agreeably surprised to hear mister cresswell express himself so cordially as approving of negro education
1995-1836-0007,3.435,0.5155333330003486,0.1111111111111111,do you believe in some education asked mary taylor
1995-1836-0008,6.985,0.7122705000001588,0.0,i believe in the training of people to their highest capacity the englishman here heartily seconded him
1995-1836-0009,6.71,0.6415310840002348,0.0,but cresswell added significantly capacity differs enormously between races
1995-1836-0010,24.45,1.9214273329998832,0.015384615384615385,the vanderpoels were sure of this and the englishman instancing india became quite eloquent missus grey was mystified but hardly dared admit it the general trend of the conversation seemed to be that most individuals needed to be submitted to the sharpest scrutiny before being allowed much education and as for the lower races it was simply criminal to open such useless opportunities to them
1995-1836-0011,4.705,0.49061949999850185,0.0,positively heroic added cresswell avoiding his sister's eyes
1995-1836-0012,3.695,0.35929562499950407,0.3333333333333333,but we're not uh exactly welcome
1995-1836-0013,5.3,0.5473832499992568,0.14285714285714285,mary taylor however related the tale of zorra to missus gray's private ear later
1995-1836-0014,9.045,1.2830809580009372,0.05263157894736842,fortunately said mister vanderpoel northerners and southerners are arriving at a better mutual understanding on most of these matters
1995-1837-0000,3.865,0.5363745419999759,0.0,he knew the silver fleece his and zora's must be ruined
1995-1837-0001,8.73,0.7562390000002779,0.0,it was the first great sorrow of his life it was not so much the loss of the cotton itself but the fantasy the hopes the dreams built around it
1995-1837-0002,2.79,0.3771292080000421,0.0,ah the swamp the cruel swamp
1995-1837-0003,7.36,0.8106417500002863,0.0,the revelation of his love lighted and brightened slowly till it flamed like a sunrise over him and left him in burning wonder
1995-1837-0004,6.36,0.860015124999336,0.0,he panted to know if she too knew or knew and cared not or cared and knew not
1995-1837-0005,2.635,0.4432993339996756,0.25,she was so strange andhuman a creature
1995-1837-0006,2.955,0.455304334000175,0.0,the world was water veiled in mists
1995-1837-0007,8.8,1.0507195419995696,0.0,then of a sudden at midday the sun shot out hot and still no breath of air stirred the sky was like blue steel the earth steamed
1995-1837-0008,1.955,0.3498106249990087,0.0,where was the use of imagining
1995-1837-0009,3.76,0.9032422500004031,0.07692307692307693,the lagoon had been level with the dikes a week ago and now
1995-1837-0010,3.48,0.5594220420007332,0.0,perhaps she too might be there waiting weeping
1995-1837-0011,3.375,0.47982170900104393,0.0,he started at the thought he hurried forth sadly
1995-1837-0012,8.245,0.9232941669997672,0.0,he splashed and stamped along farther and farther onward until he neared the rampart of the clearing and put foot upon the tree bridge
1995-1837-0013,3.195,0.42899779199979093,0.0,then he looked down the lagoon was dry
1995-1837-0014,12.46,1.2708448749999661,0.0,he stood a moment bewildered then turned and rushed upon the island a great sheet of dazzling sunlight swept the place and beneath lay a mighty mass of olive green thick tall wet and willowy
1995-1837-0015,4.485,0.7563682079999126,0.07142857142857142,the squares of cotton sharp edged heavy were just about to burst to balls
1995-1837-0016,7.19,0.971764500000063,0.0,for one long moment he paused stupid agape with utter amazement then leaned dizzily against a tree
1995-1837-0017,3.1,0.5167318750009144,0.0,he gazed about perplexed astonished
1995-1837-0018,12.825,2.81131966599969,0.0,here lay the reading of the riddle with infinite work and pain some one had dug a canal from the lagoon to the creek into which the former had drained by a long and crooked way thus allowing it to empty directly
